
<RENDERBATCH>

  <RENDERIMG RASNAME="/home/bee/final_project_vision_2/SDK/SDK_Export/hw/imgs/proc_sys_reset_0.jpg" SVGNAME="/home/bee/final_project_vision_2/SDK/SDK_Export/hw/imgs/proc_sys_reset_0.svg" TMPSVGFN="/home/bee/final_project_vision_2/__xps/.dswkshop/proc_sys_reset_0.svg"/>

  <RENDERIMG RASNAME="/home/bee/final_project_vision_2/SDK/SDK_Export/hw/imgs/microblaze_0_ilmb.jpg" SVGNAME="/home/bee/final_project_vision_2/SDK/SDK_Export/hw/imgs/microblaze_0_ilmb.svg" TMPSVGFN="/home/bee/final_project_vision_2/__xps/.dswkshop/microblaze_0_ilmb.svg"/>

  <RENDERIMG RASNAME="/home/bee/final_project_vision_2/SDK/SDK_Export/hw/imgs/microblaze_0_i_bram_ctrl.jpg" SVGNAME="/home/bee/final_project_vision_2/SDK/SDK_Export/hw/imgs/microblaze_0_i_bram_ctrl.svg" TMPSVGFN="/home/bee/final_project_vision_2/__xps/.dswkshop/microblaze_0_i_bram_ctrl.svg"/>

  <RENDERIMG RASNAME="/home/bee/final_project_vision_2/SDK/SDK_Export/hw/imgs/microblaze_0_dlmb.jpg" SVGNAME="/home/bee/final_project_vision_2/SDK/SDK_Export/hw/imgs/microblaze_0_dlmb.svg" TMPSVGFN="/home/bee/final_project_vision_2/__xps/.dswkshop/microblaze_0_dlmb.svg"/>

  <RENDERIMG RASNAME="/home/bee/final_project_vision_2/SDK/SDK_Export/hw/imgs/microblaze_0_d_bram_ctrl.jpg" SVGNAME="/home/bee/final_project_vision_2/SDK/SDK_Export/hw/imgs/microblaze_0_d_bram_ctrl.svg" TMPSVGFN="/home/bee/final_project_vision_2/__xps/.dswkshop/microblaze_0_d_bram_ctrl.svg"/>

  <RENDERIMG RASNAME="/home/bee/final_project_vision_2/SDK/SDK_Export/hw/imgs/microblaze_0_bram_block.jpg" SVGNAME="/home/bee/final_project_vision_2/SDK/SDK_Export/hw/imgs/microblaze_0_bram_block.svg" TMPSVGFN="/home/bee/final_project_vision_2/__xps/.dswkshop/microblaze_0_bram_block.svg"/>

  <RENDERIMG RASNAME="/home/bee/final_project_vision_2/SDK/SDK_Export/hw/imgs/microblaze_0.jpg" SVGNAME="/home/bee/final_project_vision_2/SDK/SDK_Export/hw/imgs/microblaze_0.svg" TMPSVGFN="/home/bee/final_project_vision_2/__xps/.dswkshop/microblaze_0.svg"/>

  <RENDERIMG RASNAME="/home/bee/final_project_vision_2/SDK/SDK_Export/hw/imgs/debug_module.jpg" SVGNAME="/home/bee/final_project_vision_2/SDK/SDK_Export/hw/imgs/debug_module.svg" TMPSVGFN="/home/bee/final_project_vision_2/__xps/.dswkshop/debug_module.svg"/>

  <RENDERIMG RASNAME="/home/bee/final_project_vision_2/SDK/SDK_Export/hw/imgs/clock_generator_0.jpg" SVGNAME="/home/bee/final_project_vision_2/SDK/SDK_Export/hw/imgs/clock_generator_0.svg" TMPSVGFN="/home/bee/final_project_vision_2/__xps/.dswkshop/clock_generator_0.svg"/>

  <RENDERIMG RASNAME="/home/bee/final_project_vision_2/SDK/SDK_Export/hw/imgs/axi_timer_0.jpg" SVGNAME="/home/bee/final_project_vision_2/SDK/SDK_Export/hw/imgs/axi_timer_0.svg" TMPSVGFN="/home/bee/final_project_vision_2/__xps/.dswkshop/axi_timer_0.svg"/>

  <RENDERIMG RASNAME="/home/bee/final_project_vision_2/SDK/SDK_Export/hw/imgs/axi4lite_0.jpg" SVGNAME="/home/bee/final_project_vision_2/SDK/SDK_Export/hw/imgs/axi4lite_0.svg" TMPSVGFN="/home/bee/final_project_vision_2/__xps/.dswkshop/axi4lite_0.svg"/>

  <RENDERIMG RASNAME="/home/bee/final_project_vision_2/SDK/SDK_Export/hw/imgs/RS232_Uart_1.jpg" SVGNAME="/home/bee/final_project_vision_2/SDK/SDK_Export/hw/imgs/RS232_Uart_1.svg" TMPSVGFN="/home/bee/final_project_vision_2/__xps/.dswkshop/RS232_Uart_1.svg"/>

  <RENDERIMG RASNAME="/home/bee/final_project_vision_2/SDK/SDK_Export/hw/imgs/final_0.jpg" SVGNAME="/home/bee/final_project_vision_2/SDK/SDK_Export/hw/imgs/final_0.svg" TMPSVGFN="/home/bee/final_project_vision_2/__xps/.dswkshop/final_0.svg"/>

  <RENDERIMG RASNAME="/home/bee/final_project_vision_2/SDK/SDK_Export/hw/imgs/vga_out_0.jpg" SVGNAME="/home/bee/final_project_vision_2/SDK/SDK_Export/hw/imgs/vga_out_0.svg" TMPSVGFN="/home/bee/final_project_vision_2/__xps/.dswkshop/vga_out_0.svg"/>

  <RENDERIMG RASNAME="/home/bee/final_project_vision_2/SDK/SDK_Export/hw/imgs/system_blkd.jpg" SVGNAME="/home/bee/final_project_vision_2/SDK/SDK_Export/hw/imgs/system_blkd.svg" TMPSVGFN="/home/bee/final_project_vision_2/__xps/.dswkshop/system_blkd.svg"/>

</RENDERBATCH>